district,district_en,year,precip_515_831,dry_streak_max,heat30_count,gdd5,et0_sum,sm_mean,tmean_om,n_days,p30_anom_pct,precip_clim_0520
Атбасарский,Atbasar,2005,212.9,17,11,1488.6,478.0,,18.66,109,48.9,143.0
Атбасарский,Atbasar,2006,82.9,17,16,1538.0,528.4,,19.11,109,-42.0,143.0
Атбасарский,Atbasar,2007,76.7,13,13,1510.1,520.9,,18.85,109,-46.4,143.0
Атбасарский,Atbasar,2008,97.9,20,19,1712.8,577.9,,20.71,109,-31.5,143.0
Атбасарский,Atbasar,2009,194.8,17,6,1357.6,484.0,,17.46,109,36.2,143.0
Атбасарский,Atbasar,2010,69.1,15,33,1682.2,615.8,,20.43,109,-51.7,143.0
Атбасарский,Atbasar,2011,236.0,9,8,1378.7,468.7,,17.65,109,65.0,143.0
Атбасарский,Atbasar,2012,115.5,18,31,1763.3,582.3,,21.18,109,-19.2,143.0
Атбасарский,Atbasar,2013,260.3,10,1,1365.6,468.3,,17.53,109,82.0,143.0
Атбасарский,Atbasar,2014,132.3,32,17,1489.0,511.6,,18.66,109,-7.5,143.0
Атбасарский,Atbasar,2015,173.8,14,12,1480.4,526.3,,18.58,109,21.5,143.0
Атбасарский,Atbasar,2016,132.3,15,3,1481.9,480.8,,18.6,109,-7.5,143.0
Атбасарский,Atbasar,2017,94.8,22,11,1488.2,516.8,,18.65,109,-33.7,143.0
Атбасарский,Atbasar,2018,179.2,12,5,1387.1,489.7,,17.73,109,25.3,143.0
Атбасарский,Atbasar,2019,110.7,19,17,1461.8,537.8,,18.41,109,-22.6,143.0
Атбасарский,Atbasar,2020,118.7,26,22,1574.3,546.7,,19.44,109,-17.0,143.0
Атбасарский,Atbasar,2021,83.1,39,29,1662.5,576.3,,20.25,109,-41.9,143.0
Атбасарский,Atbasar,2022,143.7,11,14,1567.5,559.5,,19.38,109,0.5,143.0
Атбасарский,Atbasar,2023,176.7,20,26,1631.2,572.7,,19.96,109,23.6,143.0
Атбасарский,Atbasar,2024,293.8,8,7,1411.5,445.8,,17.94,109,105.5,143.0
Атбасарский,Atbasar,2025,234.2,12,5,1492.7,497.6,,18.69,109,63.8,143.0
Буландынский,Bulandy,2005,311.9,9,3,1359.9,424.6,,17.48,109,53.3,203.4
Буландынский,Bulandy,2006,187.5,7,4,1341.3,446.9,,17.31,109,-7.8,203.4
Буландынский,Bulandy,2007,199.4,7,10,1358.9,468.1,,17.47,109,-2.0,203.4
Буландынский,Bulandy,2008,129.0,19,10,1526.2,517.2,,19.0,109,-36.6,203.4
Буландынский,Bulandy,2009,250.9,8,4,1220.3,430.6,,16.15,109,23.3,203.4
Буландынский,Bulandy,2010,99.4,12,17,1467.0,543.7,,18.45,109,-51.1,203.4
Буландынский,Bulandy,2011,249.6,12,1,1248.5,422.6,,16.45,109,22.7,203.4
Буландынский,Bulandy,2012,141.2,13,21,1609.0,534.7,,19.76,109,-30.6,203.4
Буландынский,Bulandy,2013,298.0,18,0,1215.4,426.3,,16.15,109,46.5,203.4
Буландынский,Bulandy,2014,203.0,13,13,1316.5,458.9,,17.08,109,-0.2,203.4
Буландынский,Bulandy,2015,229.6,15,5,1343.6,473.1,,17.33,109,12.9,203.4
Буландынский,Bulandy,2016,212.9,15,0,1347.7,421.9,,17.36,109,4.7,203.4
Буландынский,Bulandy,2017,128.1,22,6,1366.9,489.3,,17.53,109,-37.0,203.4
Буландынский,Bulandy,2018,283.0,7,1,1205.2,433.4,,16.04,109,39.1,203.4
Буландынский,Bulandy,2019,154.3,12,10,1297.7,486.2,,16.87,109,-24.1,203.4
Буландынский,Bulandy,2020,176.8,34,12,1422.0,498.9,,18.05,109,-13.1,203.4
Буландынский,Bulandy,2021,92.7,20,20,1534.9,549.3,,19.08,109,-54.4,203.4
Буландынский,Bulandy,2022,196.0,8,6,1400.8,510.8,,17.85,109,-3.6,203.4
Буландынский,Bulandy,2023,113.7,13,19,1509.8,543.6,,18.85,109,-44.1,203.4
Буландынский,Bulandy,2024,330.9,6,1,1265.3,396.7,,16.61,109,62.7,203.4
Буландынский,Bulandy,2025,233.2,9,5,1379.7,465.8,,17.66,109,14.6,203.4
Бурабайский,Burabay,2005,311.1,9,2,1282.2,404.7,,16.76,109,37.0,227.1
Бурабайский,Burabay,2006,204.1,11,3,1254.3,423.9,,16.51,109,-10.1,227.1
Бурабайский,Burabay,2007,222.0,8,5,1270.5,443.7,,16.65,109,-2.3,227.1
Бурабайский,Burabay,2008,156.9,19,5,1437.4,494.5,,18.19,109,-30.9,227.1
Бурабайский,Burabay,2009,260.4,9,2,1154.5,416.9,,15.53,109,14.6,227.1
Бурабайский,Burabay,2010,84.5,15,14,1390.4,524.2,,17.74,109,-62.8,227.1
Бурабайский,Burabay,2011,257.9,14,0,1157.6,395.8,,15.62,109,13.5,227.1
Бурабайский,Burabay,2012,148.1,19,13,1526.6,513.7,,19.01,109,-34.8,227.1
Бурабайский,Burabay,2013,328.9,18,0,1146.0,408.8,,15.5,109,44.8,227.1
Бурабайский,Burabay,2014,249.9,15,3,1215.5,431.1,,16.15,109,10.0,227.1
Бурабайский,Burabay,2015,268.8,12,3,1246.6,441.3,,16.44,109,18.3,227.1
Бурабайский,Burabay,2016,243.1,20,0,1267.2,399.9,,16.61,109,7.0,227.1
Бурабайский,Burabay,2017,152.0,22,4,1330.9,455.7,,17.21,109,-33.1,227.1
Бурабайский,Burabay,2018,345.3,10,0,1147.3,396.8,,15.49,109,52.0,227.1
Бурабайский,Burabay,2019,178.2,12,2,1212.0,438.1,,16.08,109,-21.5,227.1
Бурабайский,Burabay,2020,223.2,29,6,1381.6,466.3,,17.67,109,-1.7,227.1
Бурабайский,Burabay,2021,137.0,20,11,1460.1,499.0,,18.4,109,-39.7,227.1
Бурабайский,Burabay,2022,224.6,8,1,1334.6,464.2,,17.24,109,-1.1,227.1
Бурабайский,Burabay,2023,102.4,14,13,1459.5,515.9,,18.39,109,-54.9,227.1
Бурабайский,Burabay,2024,445.3,6,0,1218.4,371.2,,16.17,109,96.0,227.1
Бурабайский,Burabay,2025,231.2,6,1,1327.7,435.7,,17.18,109,1.8,227.1
Есильский,Esil,2005,171.6,16,12,1546.2,497.9,,19.19,109,25.0,137.3
Есильский,Esil,2006,88.0,14,20,1571.5,537.4,,19.42,109,-35.9,137.3
Есильский,Esil,2007,159.6,9,13,1529.8,513.9,,19.04,109,16.2,137.3
Есильский,Esil,2008,113.5,20,27,1734.2,578.0,,20.91,109,-17.3,137.3
Есильский,Esil,2009,131.9,18,9,1426.4,509.0,,18.09,109,-4.0,137.3
Есильский,Esil,2010,69.5,25,33,1751.4,628.5,,21.07,109,-49.4,137.3
Есильский,Esil,2011,259.0,12,11,1411.7,469.4,,17.95,109,88.6,137.3
Есильский,Esil,2012,133.0,20,31,1791.2,584.2,,21.43,109,-3.1,137.3
Есильский,Esil,2013,184.3,14,8,1473.8,503.3,,18.52,109,34.2,137.3
Есильский,Esil,2014,120.3,11,25,1569.3,539.4,,19.4,109,-12.4,137.3
Есильский,Esil,2015,139.2,17,20,1567.1,551.8,,19.38,109,1.4,137.3
Есильский,Esil,2016,114.7,31,11,1576.6,509.9,,19.46,109,-16.5,137.3
Есильский,Esil,2017,97.8,17,18,1562.9,547.2,,19.34,109,-28.8,137.3
Есильский,Esil,2018,150.6,19,12,1455.2,523.6,,18.35,109,9.7,137.3
Есильский,Esil,2019,127.8,25,19,1514.7,566.2,,18.9,109,-6.9,137.3
Есильский,Esil,2020,136.4,30,30,1633.5,574.0,,19.99,109,-0.7,137.3
Есильский,Esil,2021,41.7,36,41,1771.5,629.4,,21.25,109,-69.6,137.3
Есильский,Esil,2022,140.9,23,19,1603.5,582.3,,19.71,109,2.6,137.3
Есильский,Esil,2023,149.6,19,28,1664.6,584.1,,20.27,109,8.9,137.3
Есильский,Esil,2024,247.1,10,10,1459.5,482.0,,18.39,109,79.9,137.3
Есильский,Esil,2025,174.2,18,12,1559.4,522.2,,19.31,109,26.9,137.3
Кокшетау,Kokshetau,2005,290.1,9,7,1424.3,427.8,,18.07,109,36.4,212.8
Кокшетау,Kokshetau,2006,201.9,7,6,1386.3,443.2,,17.72,109,-5.1,212.8
Кокшетау,Kokshetau,2007,200.6,11,9,1402.5,458.0,,17.87,109,-5.7,212.8
Кокшетау,Kokshetau,2008,141.8,19,12,1581.2,516.1,,19.51,109,-33.3,212.8
Кокшетау,Kokshetau,2009,249.0,9,8,1323.8,456.3,,17.13,109,17.0,212.8
Кокшетау,Kokshetau,2010,70.7,14,24,1548.0,550.2,,19.2,109,-66.8,212.8
Кокшетау,Kokshetau,2011,278.6,15,0,1251.6,393.9,,16.48,109,31.0,212.8
Кокшетау,Kokshetau,2012,135.4,19,21,1615.2,514.3,,19.82,109,-36.4,212.8
Кокшетау,Kokshetau,2013,296.4,18,1,1302.7,434.6,,16.95,109,39.3,212.8
Кокшетау,Kokshetau,2014,248.5,15,10,1328.2,442.9,,17.18,109,16.8,212.8
Кокшетау,Kokshetau,2015,207.0,12,5,1395.9,469.7,,17.81,109,-2.7,212.8
Кокшетау,Kokshetau,2016,212.4,11,0,1428.0,429.8,,18.1,109,-0.2,212.8
Кокшетау,Kokshetau,2017,162.0,22,8,1429.9,485.3,,18.12,109,-23.9,212.8
Кокшетау,Kokshetau,2018,349.6,9,2,1257.6,436.5,,16.54,109,64.3,212.8
Кокшетау,Kokshetau,2019,144.2,17,10,1323.8,466.6,,17.13,109,-32.2,212.8
Кокшетау,Kokshetau,2020,215.8,19,14,1480.0,492.2,,18.58,109,1.4,212.8
Кокшетау,Kokshetau,2021,134.7,16,25,1585.3,540.5,,19.54,109,-36.7,212.8
Кокшетау,Kokshetau,2022,216.8,8,10,1464.8,517.3,,18.44,109,1.9,212.8
Кокшетау,Kokshetau,2023,123.0,24,22,1597.9,559.0,,19.66,109,-42.2,212.8
Кокшетау,Kokshetau,2024,356.8,6,0,1326.6,401.0,,17.17,109,67.7,212.8
Кокшетау,Kokshetau,2025,209.1,14,2,1436.2,464.7,,18.18,109,-1.7,212.8
Сандыктауский,Sandyktau,2005,296.2,14,1,1327.8,416.0,,17.18,109,51.3,195.8
Сандыктауский,Sandyktau,2006,164.3,8,5,1347.7,446.4,,17.36,109,-16.1,195.8
Сандыктауский,Sandyktau,2007,155.9,9,7,1340.2,455.4,,17.29,109,-20.4,195.8
Сандыктауский,Sandyktau,2008,120.0,20,9,1539.6,511.8,,19.12,109,-38.7,195.8
Сандыктауский,Sandyktau,2009,228.2,10,4,1231.2,438.3,,16.25,109,16.6,195.8
Сандыктауский,Sandyktau,2010,81.0,25,17,1510.5,546.8,,18.86,109,-58.6,195.8
Сандыктауский,Sandyktau,2011,257.5,9,0,1225.6,405.8,,16.24,109,31.5,195.8
Сандыктауский,Sandyktau,2012,144.8,18,18,1591.4,515.8,,19.6,109,-26.0,195.8
Сандыктауский,Sandyktau,2013,306.1,13,0,1234.1,425.6,,16.32,109,56.3,195.8
Сандыктауский,Sandyktau,2014,184.7,12,9,1313.2,448.2,,17.05,109,-5.7,195.8
Сандыктауский,Sandyktau,2015,199.3,11,4,1338.4,467.1,,17.28,109,1.8,195.8
Сандыктауский,Sandyktau,2016,188.2,15,0,1351.5,421.6,,17.4,109,-3.9,195.8
Сандыктауский,Sandyktau,2017,139.8,17,4,1329.2,467.0,,17.19,109,-28.6,195.8
Сандыктауский,Sandyktau,2018,274.4,8,0,1197.4,429.7,,15.98,109,40.2,195.8
Сандыктауский,Sandyktau,2019,168.1,16,9,1259.0,463.8,,16.54,109,-14.1,195.8
Сандыктауский,Sandyktau,2020,224.0,26,10,1387.9,474.5,,17.73,109,14.4,195.8
Сандыктауский,Sandyktau,2021,90.6,20,22,1531.5,538.2,,19.05,109,-53.7,195.8
Сандыктауский,Sandyktau,2022,219.8,9,6,1382.6,504.0,,17.68,109,12.3,195.8
Сандыктауский,Sandyktau,2023,179.1,17,12,1459.5,514.4,,18.39,109,-8.5,195.8
Сандыктауский,Sandyktau,2024,386.3,6,0,1249.8,397.2,,16.46,109,97.3,195.8
Сандыктауский,Sandyktau,2025,251.6,9,3,1367.5,460.3,,17.55,109,28.5,195.8
Шортандинский,Shortandy,2005,223.6,13,12,1449.2,470.5,,18.29,109,33.6,167.4
Шортандинский,Shortandy,2006,160.7,10,12,1437.0,483.6,,18.18,109,-4.0,167.4
Шортандинский,Shortandy,2007,137.9,16,11,1439.0,503.2,,18.2,109,-17.6,167.4
Шортандинский,Shortandy,2008,117.5,20,16,1644.9,559.8,,20.09,109,-29.8,167.4
Шортандинский,Shortandy,2009,236.4,15,5,1309.2,464.4,,17.01,109,41.2,167.4
Шортандинский,Shortandy,2010,98.1,16,28,1544.4,573.4,,19.17,109,-41.4,167.4
Шортандинский,Shortandy,2011,239.0,9,4,1364.7,473.5,,17.52,109,42.8,167.4
Шортандинский,Shortandy,2012,138.7,17,25,1678.8,554.8,,20.4,109,-17.1,167.4
Шортандинский,Shortandy,2013,221.6,12,0,1284.0,451.2,,16.78,109,32.4,167.4
Шортандинский,Shortandy,2014,137.0,12,20,1445.2,509.0,,18.26,109,-18.1,167.4
Шортандинский,Shortandy,2015,202.0,9,9,1421.4,502.9,,18.04,109,20.7,167.4
Шортандинский,Shortandy,2016,181.4,12,1,1399.6,450.0,,17.84,109,8.4,167.4
Шортандинский,Shortandy,2017,81.6,22,16,1517.5,544.9,,18.92,109,-51.2,167.4
Шортандинский,Shortandy,2018,209.7,8,4,1298.6,463.7,,16.89,109,25.3,167.4
Шортандинский,Shortandy,2019,127.2,17,15,1401.7,525.0,,17.85,109,-24.0,167.4
Шортандинский,Shortandy,2020,165.6,24,18,1573.7,560.1,,19.44,109,-1.1,167.4
Шортандинский,Shortandy,2021,89.9,19,25,1609.9,570.6,,19.77,109,-46.3,167.4
Шортандинский,Shortandy,2022,181.0,11,11,1523.5,548.7,,18.98,109,8.1,167.4
Шортандинский,Shortandy,2023,112.7,20,26,1640.8,590.4,,20.05,109,-32.7,167.4
Шортандинский,Shortandy,2024,323.2,8,5,1390.3,440.4,,17.75,109,93.1,167.4
Шортандинский,Shortandy,2025,223.1,10,5,1455.8,493.3,,18.36,109,33.3,167.4
Целиноградский,Tselinograd,2005,154.6,17,15,1535.8,505.1,,19.09,109,10.4,140.0
Целиноградский,Tselinograd,2006,128.2,10,17,1516.1,512.4,,18.91,109,-8.4,140.0
Целиноградский,Tselinograd,2007,92.6,16,17,1521.1,530.2,,18.96,109,-33.9,140.0
Целиноградский,Tselinograd,2008,96.2,20,22,1713.6,578.7,,20.72,109,-31.3,140.0
Целиноградский,Tselinograd,2009,176.3,17,6,1395.5,493.6,,17.8,109,25.9,140.0
Целиноградский,Tselinograd,2010,76.9,10,31,1602.8,586.8,,19.7,109,-45.1,140.0
Целиноградский,Tselinograd,2011,187.8,13,7,1441.0,494.8,,18.22,109,34.1,140.0
Целиноградский,Tselinograd,2012,104.2,17,29,1739.7,566.1,,20.96,109,-25.6,140.0
Целиноградский,Tselinograd,2013,182.5,12,1,1366.2,475.7,,17.53,109,30.4,140.0
Целиноградский,Tselinograd,2014,118.7,16,22,1523.2,531.4,,18.97,109,-15.2,140.0
Целиноградский,Tselinograd,2015,159.2,18,11,1492.3,522.1,,18.69,109,13.7,140.0
Целиноградский,Tselinograd,2016,178.0,18,3,1450.9,472.6,,18.31,109,27.1,140.0
Целиноградский,Tselinograd,2017,85.0,22,21,1586.7,568.1,,19.56,109,-39.3,140.0
Целиноградский,Tselinograd,2018,227.4,8,7,1345.1,471.0,,17.34,109,62.4,140.0
Целиноградский,Tselinograd,2019,112.4,17,17,1453.5,538.1,,18.33,109,-19.7,140.0
Целиноградский,Tselinograd,2020,160.0,23,16,1557.5,543.5,,19.29,109,14.3,140.0
Целиноградский,Tselinograd,2021,118.5,22,26,1619.3,570.0,,19.86,109,-15.4,140.0
Целиноградский,Tselinograd,2022,134.5,11,8,1519.5,537.4,,18.94,109,-3.9,140.0
Целиноградский,Tselinograd,2023,88.7,11,34,1672.2,595.7,,20.34,109,-36.6,140.0
Целиноградский,Tselinograd,2024,329.2,6,6,1431.4,450.7,,18.12,109,135.1,140.0
Целиноградский,Tselinograd,2025,242.5,12,7,1503.9,510.2,,18.8,109,73.2,140.0
Зерендинский,Zerenda,2005,312.5,14,2,1360.7,418.6,,17.48,109,41.4,221.0
Зерендинский,Zerenda,2006,184.6,7,4,1331.3,433.4,,17.21,109,-16.5,221.0
Зерендинский,Zerenda,2007,217.4,9,8,1338.1,444.8,,17.28,109,-1.6,221.0
Зерендинский,Zerenda,2008,150.1,19,10,1528.2,506.9,,19.02,109,-32.1,221.0
Зерендинский,Zerenda,2009,252.4,12,8,1267.9,445.8,,16.6,109,14.2,221.0
Зерендинский,Zerenda,2010,73.3,15,21,1495.1,539.7,,18.71,109,-66.8,221.0
Зерендинский,Zerenda,2011,270.9,15,0,1207.0,392.0,,16.07,109,22.6,221.0
Зерендинский,Zerenda,2012,184.2,18,17,1560.7,502.9,,19.32,109,-16.7,221.0
Зерендинский,Zerenda,2013,322.5,13,0,1240.4,423.2,,16.37,109,45.9,221.0
Зерендинский,Zerenda,2014,250.7,10,7,1277.2,434.9,,16.72,109,13.4,221.0
Зерендинский,Zerenda,2015,210.0,16,3,1339.8,460.4,,17.29,109,-5.0,221.0
Зерендинский,Zerenda,2016,222.5,11,0,1363.7,418.7,,17.5,109,0.7,221.0
Зерендинский,Zerenda,2017,168.6,18,5,1376.0,473.6,,17.62,109,-23.7,221.0
Зерендинский,Zerenda,2018,347.8,15,1,1208.0,426.1,,16.07,109,57.4,221.0
Зерендинский,Zerenda,2019,155.7,12,10,1290.1,465.0,,16.82,109,-29.6,221.0
Зерендинский,Zerenda,2020,213.2,29,11,1433.1,484.8,,18.15,109,-3.5,221.0
Зерендинский,Zerenda,2021,106.3,16,23,1544.0,532.4,,19.17,109,-51.9,221.0
Зерендинский,Zerenda,2022,209.0,10,8,1410.5,508.5,,17.94,109,-5.4,221.0
Зерендинский,Zerenda,2023,136.0,15,21,1542.6,544.2,,19.15,109,-38.5,221.0
Зерендинский,Zerenda,2024,339.5,6,1,1292.2,401.5,,16.86,109,53.6,221.0
Зерендинский,Zerenda,2025,213.7,13,2,1396.8,464.5,,17.81,109,-3.3,221.0
Жаксынский,Zhaksy,2005,239.5,16,6,1441.3,468.1,,18.22,109,53.6,155.9
Жаксынский,Zhaksy,2006,99.3,16,13,1476.9,516.1,,18.55,109,-36.3,155.9
Жаксынский,Zhaksy,2007,139.3,23,10,1441.3,495.5,,18.22,109,-10.7,155.9
Жаксынский,Zhaksy,2008,134.4,16,16,1650.5,558.9,,20.14,109,-13.8,155.9
Жаксынский,Zhaksy,2009,157.7,18,5,1324.6,485.2,,17.15,109,1.1,155.9
Жаксынский,Zhaksy,2010,83.9,15,26,1645.9,601.8,,20.1,109,-46.2,155.9
Жаксынский,Zhaksy,2011,292.8,9,4,1308.6,442.4,,17.01,109,87.8,155.9
Жаксынский,Zhaksy,2012,159.0,20,25,1696.7,560.2,,20.57,109,2.0,155.9
Жаксынский,Zhaksy,2013,228.0,14,1,1363.0,472.1,,17.5,109,46.2,155.9
Жаксынский,Zhaksy,2014,146.3,15,15,1459.8,509.4,,18.39,109,-6.2,155.9
Жаксынский,Zhaksy,2015,164.6,16,11,1445.1,517.1,,18.26,109,5.5,155.9
Жаксынский,Zhaksy,2016,130.7,29,2,1448.6,473.6,,18.29,109,-16.2,155.9
Жаксынский,Zhaksy,2017,108.7,22,9,1448.8,514.9,,18.29,109,-30.3,155.9
Жаксынский,Zhaksy,2018,176.7,12,4,1338.6,482.3,,17.28,109,13.3,155.9
Жаксынский,Zhaksy,2019,113.5,19,13,1396.2,524.5,,17.81,109,-27.2,155.9
Жаксынский,Zhaksy,2020,120.8,26,23,1557.8,552.5,,19.29,109,-22.5,155.9
Жаксынский,Zhaksy,2021,68.1,39,36,1701.8,607.4,,20.61,109,-56.3,155.9
Жаксынский,Zhaksy,2022,144.4,16,16,1520.4,558.8,,18.95,109,-7.4,155.9
Жаксынский,Zhaksy,2023,159.4,19,19,1581.8,563.8,,19.51,109,2.2,155.9
Жаксынский,Zhaksy,2024,281.9,8,6,1365.8,446.4,,17.53,109,80.8,155.9
Жаксынский,Zhaksy,2025,210.7,12,5,1458.0,495.4,,18.38,109,35.1,155.9
